collected_at,departure_date,origin,destination,airline,flight_number,departure_time,arrival_time,price,currency,travel_class,stops,source,collection_date,collection_time,flight_date,route,days_to_departure,departure_day,departure_hour,arrival_hour,is_weekend,log_price
2026-08-25 00:08:42.605730,2026-09-06,BLR,BOM,IndiGo,6E 5089,2026-09-06 05:30:00,2026-09-06 07:15:00,4459,INR,Economy,0,SerpApi Google Flights,2026-08-25,00:08:42.605730,2026-09-06,BLR-BOM,12,Sunday,5,7,True,8.40290404501411
2026-08-25 00:08:42.611788,2026-09-22,BLR,BOM,IndiGo,6E 5293,2026-09-22 01:00:00,2026-09-22 02:50:00,4459,INR,Economy,0,SerpApi Google Flights,2026-08-25,00:08:42.611788,2026-09-22,BLR-BOM,28,Tuesday,1,2,False,8.40290404501411
2026-08-25 00:08:42.611800,2026-09-22,BLR,BOM,Air India,AI 2858,2026-09-22 02:20:00,2026-09-22 04:10:00,4617,INR,Economy,0,SerpApi Google Flights,2026-08-25,00:08:42.611800,2026-09-22,BLR-BOM,28,Tuesday,2,4,False,8.43771698991444
2026-08-25 00:08:42.605733,2026-09-06,BLR,BOM,SpiceJet,SG 369,2026-09-06 00:45:00,2026-09-06 02:35:00,4844,INR,Economy,0,SerpApi Google Flights,2026-08-25,00:08:42.605733,2026-09-06,BLR-BOM,12,Sunday,0,2,True,8.485702524324866
2026-08-25 00:08:42.601927,2026-08-30,BLR,BOM,Air India,AI 2498,2026-08-30 00:45:00,2026-08-30 02:50:00,5037,INR,Economy,0,SerpApi Google Flights,2026-08-25,00:08:42.601927,2026-08-30,BLR-BOM,5,Sunday,0,2,True,8.524764456912555
2026-08-25 00:08:42.605735,2026-09-06,BLR,BOM,Air India,AI 2858,2026-09-06 02:20:00,2026-09-06 04:10:00,5037,INR,Economy,0,SerpApi Google Flights,2026-08-25,00:08:42.605735,2026-09-06,BLR-BOM,12,Sunday,2,4,True,8.524764456912555
2026-08-25 00:08:42.605737,2026-09-06,BLR,BOM,Akasa Air,QP 1381,2026-09-06 04:50:00,2026-09-06 06:45:00,5073,INR,Economy,0,SerpApi Google Flights,2026-08-25,00:08:42.605737,2026-09-06,BLR-BOM,12,Sunday,4,6,True,8.531884740159228
2026-08-25 00:08:42.611804,2026-09-22,BLR,BOM,Akasa Air,QP 1383,2026-09-22 05:25:00,2026-09-22 07:10:00,5073,INR,Economy,0,SerpApi Google Flights,2026-08-25,00:08:42.611804,2026-09-22,BLR-BOM,28,Tuesday,5,7,False,8.531884740159228
2026-08-25 00:08:42.601931,2026-08-30,BLR,BOM,IndiGo,6E 5205,2026-08-30 03:45:00,2026-08-30 05:30:00,5299,INR,Economy,0,SerpApi Google Flights,2026-08-25,00:08:42.601931,2026-08-30,BLR-BOM,5,Sunday,3,5,True,8.575462099540212
2026-08-25 00:08:42.601933,2026-08-30,BLR,BOM,SpiceJet,SG 369,2026-08-30 00:45:00,2026-08-30 02:35:00,6000,INR,Economy,0,SerpApi Google Flights,2026-08-25,00:08:42.601933,2026-08-30,BLR-BOM,5,Sunday,0,2,True,8.699681400989514
2026-08-25 00:08:42.584032,2026-08-25,BLR,BOM,IndiGo,6E 5218,2026-08-25 13:00:00,2026-08-25 14:50:00,7172,INR,Economy,0,SerpApi Google Flights,2026-08-25,00:08:42.584032,2026-08-25,BLR-BOM,0,Tuesday,13,14,False,8.878079256126435
2026-08-25 00:08:42.584036,2026-08-25,BLR,BOM,IndiGo,6E 5351,2026-08-25 14:20:00,2026-08-25 16:05:00,7172,INR,Economy,0,SerpApi Google Flights,2026-08-25,00:08:42.584036,2026-08-25,BLR-BOM,0,Tuesday,14,16,False,8.878079256126435
2026-08-25 00:08:42.584544,2026-08-25,BLR,BOM,IndiGo,6E 5218,2026-08-25 13:00:00,2026-08-25 14:50:00,7172,INR,Economy,0,SerpApi Google Flights,2026-08-25,00:08:42.584544,2026-08-25,BLR-BOM,0,Tuesday,13,14,False,8.878079256126435
2026-08-25 00:08:42.584547,2026-08-25,BLR,BOM,IndiGo,6E 5351,2026-08-25 14:20:00,2026-08-25 16:05:00,7172,INR,Economy,0,SerpApi Google Flights,2026-08-25,00:08:42.584547,2026-08-25,BLR-BOM,0,Tuesday,14,16,False,8.878079256126435
2026-08-25 00:08:42.594450,2026-08-26,BLR,BOM,IndiGo,6E 5351,2026-08-26 14:20:00,2026-08-26 16:05:00,7172,INR,Economy,0,SerpApi Google Flights,2026-08-25,00:08:42.594450,2026-08-26,BLR-BOM,1,Wednesday,14,16,False,8.878079256126435
2026-08-25 00:08:42.584549,2026-08-25,BLR,BOM,IndiGo,6E 5069,2026-08-25 11:30:00,2026-08-25 13:20:00,7487,INR,Economy,0,SerpApi Google Flights,2026-08-25,00:08:42.584549,2026-08-25,BLR-BOM,0,Tuesday,11,13,False,8.921057018157429
2026-08-25 00:08:42.594457,2026-08-26,BLR,BOM,Air India,AI 2402,2026-08-26 06:35:00,2026-08-26 08:35:00,7647,INR,Economy,0,SerpApi Google Flights,2026-08-25,00:08:42.594457,2026-08-26,BLR-BOM,1,Wednesday,6,8,False,8.942199454731238
2026-08-25 00:08:42.584038,2026-08-25,BLR,BOM,Akasa Air,QP 1132,2026-08-25 15:20:00,2026-08-25 17:15:00,7932,INR,Economy,0,SerpApi Google Flights,2026-08-25,00:08:42.584038,2026-08-25,BLR-BOM,0,Tuesday,15,17,False,8.978786553302003
2026-08-25 00:08:42.601935,2026-08-30,BLR,BOM,Akasa Air,QP 1528,2026-08-30 10:20:00,2026-08-30 12:10:00,7932,INR,Economy,0,SerpApi Google Flights,2026-08-25,00:08:42.601935,2026-08-30,BLR-BOM,5,Sunday,10,12,True,8.978786553302003
2026-08-25 00:08:42.594459,2026-08-26,BLR,BOM,Akasa Air,QP 1130,2026-08-26 11:20:00,2026-08-26 13:10:00,8228,INR,Economy,0,SerpApi Google Flights,2026-08-25,00:08:42.594459,2026-08-26,BLR-BOM,1,Wednesday,11,13,False,9.015419779605713
2026-08-25 00:08:42.584551,2026-08-25,BLR,BOM,Akasa Air,QP 1132,2026-08-25 15:20:00,2026-08-25 17:15:00,8540,INR,Economy,0,SerpApi Google Flights,2026-08-25,00:08:42.584551,2026-08-25,BLR-BOM,0,Tuesday,15,17,False,9.052633375946147
2026-08-25 00:08:42.584552,2026-08-25,BLR,BOM,Air India,AI 2852,2026-08-25 10:30:00,2026-08-25 12:35:00,8802,INR,Economy,0,SerpApi Google Flights,2026-08-25,00:08:42.584552,2026-08-25,BLR-BOM,0,Tuesday,10,12,False,9.082847851460906
2026-08-25 00:08:42.589023,2026-08-24,BLR,BOM,IndiGo,6E 5255,2026-08-24 17:25:00,2026-08-24 19:05:00,12212,INR,Economy,0,SerpApi Google Flights,2026-08-25,00:08:42.589023,2026-08-24,BLR-BOM,-1,Monday,17,19,False,9.410256237171089
2026-08-25 00:08:42.589027,2026-08-24,BLR,BOM,IndiGo,6E 5031,2026-08-24 16:00:00,2026-08-24 17:45:00,12947,INR,Economy,0,SerpApi Google Flights,2026-08-25,00:08:42.589027,2026-08-24,BLR-BOM,-1,Monday,16,17,False,9.468696615046134
2026-08-25 00:08:42.589030,2026-08-24,BLR,BOM,Akasa Air,QP 1528,2026-08-24 10:20:00,2026-08-24 12:10:00,15959,INR,Economy,0,SerpApi Google Flights,2026-08-25,00:08:42.589030,2026-08-24,BLR-BOM,-1,Monday,10,12,False,9.6778408710038
2026-08-25 00:08:42.602307,2026-08-30,BLR,DEL,IndiGo,6E 804,2026-08-30 03:00:00,2026-08-30 05:50:00,8554,INR,Economy,0,SerpApi Google Flights,2026-08-25,00:08:42.602307,2026-08-30,BLR-DEL,5,Sunday,3,5,True,9.054271186326293
2026-08-25 00:08:42.606112,2026-09-06,BLR,DEL,IndiGo,6E 2313,2026-09-06 23:30:00,2026-09-07 02:20:00,8554,INR,Economy,0,SerpApi Google Flights,2026-08-25,00:08:42.606112,2026-09-06,BLR-DEL,12,Sunday,23,2,True,9.054271186326293
2026-08-25 00:08:42.612450,2026-09-22,BLR,DEL,IndiGo,6E 6034,2026-09-22 18:15:00,2026-09-22 21:05:00,8554,INR,Economy,0,SerpApi Google Flights,2026-08-25,00:08:42.612450,2026-09-22,BLR-DEL,28,Tuesday,18,21,False,9.054271186326293
2026-08-25 00:08:42.602311,2026-08-30,BLR,DEL,Air India,AI 2414,2026-08-30 05:30:00,2026-08-30 08:25:00,8710,INR,Economy,0,SerpApi Google Flights,2026-08-25,00:08:42.602311,2026-08-30,BLR-DEL,5,Sunday,5,8,True,9.072341873818893
2026-08-25 00:08:42.606116,2026-09-06,BLR,DEL,Air India,AI 2868,2026-09-06 09:00:00,2026-09-06 12:00:00,8710,INR,Economy,0,SerpApi Google Flights,2026-08-25,00:08:42.606116,2026-09-06,BLR-DEL,12,Sunday,9,12,True,9.072341873818893
2026-08-25 00:08:42.606118,2026-09-06,BLR,DEL,Air India,AI 2488,2026-09-06 22:30:00,2026-09-07 01:25:00,8710,INR,Economy,0,SerpApi Google Flights,2026-08-25,00:08:42.606118,2026-09-06,BLR-DEL,12,Sunday,22,1,True,9.072341873818893
2026-08-25 00:08:42.612456,2026-09-22,BLR,DEL,Air India,AI 2486,2026-09-22 14:00:00,2026-09-22 16:45:00,8710,INR,Economy,0,SerpApi Google Flights,2026-08-25,00:08:42.612456,2026-09-22,BLR-DEL,28,Tuesday,14,16,False,9.072341873818893
2026-08-25 00:08:42.612458,2026-09-22,BLR,DEL,Air India Express,IX 1040,2026-09-22 14:40:00,2026-09-22 17:30:00,8740,INR,Economy,0,SerpApi Google Flights,2026-08-25,00:08:42.612458,2026-09-22,BLR-DEL,28,Tuesday,14,17,False,9.075779878580487
2026-08-25 00:08:42.602314,2026-08-30,BLR,DEL,Akasa Air,QP 1811,2026-08-30 04:15:00,2026-08-30 07:00:00,9150,INR,Economy,0,SerpApi Google Flights,2026-08-25,00:08:42.602314,2026-08-30,BLR-DEL,5,Sunday,4,7,True,9.121618441915379
2026-08-25 00:08:42.583705,2026-08-25,BLR,DEL,IndiGo,6E 6653,2026-08-25 12:35:00,2026-08-25 18:00:00,9897,INR,Economy,0,SerpApi Google Flights,2026-08-25,00:08:42.583705,2026-08-25,BLR-DEL,0,Tuesday,12,18,False,9.200087995511831
2026-08-25 00:08:42.585045,2026-08-25,BLR,DEL,Air India Express,IX 2786,2026-08-25 09:20:00,2026-08-25 17:00:00,9970,INR,Economy,0,SerpApi Google Flights,2026-08-25,00:08:42.585045,2026-08-25,BLR-DEL,0,Tuesday,9,17,False,9.207436158828793
2026-08-25 00:08:42.595388,2026-08-26,BLR,DEL,Air India Express,IX 2945,2026-08-26 16:35:00,2026-08-27 00:05:00,10042,INR,Economy,0,SerpApi Google Flights,2026-08-25,00:08:42.595388,2026-08-26,BLR-DEL,1,Wednesday,16,0,False,9.21463115339334
2026-08-25 00:08:42.585050,2026-08-25,BLR,DEL,IndiGo,6E 6653,2026-08-25 12:35:00,2026-08-25 18:00:00,10433,INR,Economy,0,SerpApi Google Flights,2026-08-25,00:08:42.585050,2026-08-25,BLR-DEL,0,Tuesday,12,18,False,9.252824983582338
2026-08-25 00:08:42.589791,2026-08-24,BLR,DEL,IndiGo,6E 528,2026-08-24 21:40:00,2026-08-25 02:30:00,10923,INR,Economy,0,SerpApi Google Flights,2026-08-25,00:08:42.589791,2026-08-24,BLR-DEL,-1,Monday,21,2,False,9.298717482593595
2026-08-25 00:08:42.595398,2026-08-26,BLR,DEL,IndiGo,6E 528,2026-08-26 21:40:00,2026-08-27 02:30:00,10923,INR,Economy,0,SerpApi Google Flights,2026-08-25,00:08:42.595398,2026-08-26,BLR-DEL,1,Wednesday,21,2,False,9.298717482593595
2026-08-25 00:08:42.583711,2026-08-25,BLR,DEL,IndiGo,6E 840,2026-08-25 13:55:00,2026-08-25 16:45:00,11789,INR,Economy,0,SerpApi Google Flights,2026-08-25,00:08:42.583711,2026-08-25,BLR-DEL,0,Tuesday,13,16,False,9.375006993531416
2026-08-25 00:08:42.583713,2026-08-25,BLR,DEL,Air India,AI 2486,2026-08-25 14:00:00,2026-08-25 16:45:00,12296,INR,Economy,0,SerpApi Google Flights,2026-08-25,00:08:42.583713,2026-08-25,BLR-DEL,0,Tuesday,14,16,False,9.417110609172447
2026-08-25 00:08:42.585052,2026-08-25,BLR,DEL,Air India,AI 428,2026-08-25 14:55:00,2026-08-25 17:35:00,12296,INR,Economy,0,SerpApi Google Flights,2026-08-25,00:08:42.585052,2026-08-25,BLR-DEL,0,Tuesday,14,17,False,9.417110609172447
2026-08-25 00:08:42.583714,2026-08-25,BLR,DEL,Akasa Air,QP 1821,2026-08-25 13:10:00,2026-08-25 16:00:00,12419,INR,Economy,0,SerpApi Google Flights,2026-08-25,00:08:42.583714,2026-08-25,BLR-DEL,0,Tuesday,13,16,False,9.42706335548747
2026-08-25 00:08:42.585054,2026-08-25,BLR,DEL,IndiGo,6E 840,2026-08-25 13:55:00,2026-08-25 16:45:00,12463,INR,Economy,0,SerpApi Google Flights,2026-08-25,00:08:42.585054,2026-08-25,BLR-DEL,0,Tuesday,13,16,False,9.430599768110529
2026-08-25 00:08:42.595400,2026-08-26,BLR,DEL,IndiGo,6E 840,2026-08-26 13:55:00,2026-08-26 16:45:00,12463,INR,Economy,0,SerpApi Google Flights,2026-08-25,00:08:42.595400,2026-08-26,BLR-DEL,1,Wednesday,13,16,False,9.430599768110529
2026-08-25 00:08:42.585055,2026-08-25,BLR,DEL,Akasa Air,QP 1821,2026-08-25 13:10:00,2026-08-25 16:00:00,12861,INR,Economy,0,SerpApi Google Flights,2026-08-25,00:08:42.585055,2026-08-25,BLR-DEL,0,Tuesday,13,16,False,9.462032506694808
2026-08-25 00:08:42.589799,2026-08-24,BLR,DEL,Air India,AI 2488,2026-08-24 22:30:00,2026-08-25 01:25:00,12878,INR,Economy,0,SerpApi Google Flights,2026-08-25,00:08:42.589799,2026-08-24,BLR-DEL,-1,Monday,22,1,False,9.46335335689267
2026-08-25 00:08:42.589801,2026-08-24,BLR,DEL,IndiGo,6E 2313,2026-08-24 23:30:00,2026-08-25 02:20:00,13181,INR,Economy,0,SerpApi Google Flights,2026-08-25,00:08:42.589801,2026-08-24,BLR-DEL,-1,Monday,23,2,False,9.486607541612665
2026-08-25 00:08:42.602708,2026-08-30,BLR,HYD,IndiGo,6E 6178,2026-08-30 06:25:00,2026-08-30 07:35:00,4323,INR,Economy,0,SerpApi Google Flights,2026-08-25,00:08:42.602708,2026-08-30,BLR-HYD,5,Sunday,6,7,True,8.371936178759098
2026-08-25 00:08:42.606649,2026-09-06,BLR,HYD,IndiGo,6E 6178,2026-09-06 06:25:00,2026-09-06 07:35:00,4323,INR,Economy,0,SerpApi Google Flights,2026-08-25,00:08:42.606649,2026-09-06,BLR-HYD,12,Sunday,6,7,True,8.371936178759098
2026-08-25 00:08:42.606656,2026-09-06,BLR,HYD,IndiGo,6E 484,2026-09-06 08:15:00,2026-09-06 09:30:00,4323,INR,Economy,0,SerpApi Google Flights,2026-08-25,00:08:42.606656,2026-09-06,BLR-HYD,12,Sunday,8,9,True,8.371936178759098
2026-08-25 00:08:42.606658,2026-09-06,BLR,HYD,IndiGo,6E 312,2026-09-06 09:15:00,2026-09-06 10:30:00,4323,INR,Economy,0,SerpApi Google Flights,2026-08-25,00:08:42.606658,2026-09-06,BLR-HYD,12,Sunday,9,10,True,8.371936178759098
2026-08-25 00:08:42.612759,2026-09-22,BLR,HYD,IndiGo,6E 312,2026-09-22 09:15:00,2026-09-22 10:30:00,4323,INR,Economy,0,SerpApi Google Flights,2026-08-25,00:08:42.612759,2026-09-22,BLR-HYD,28,Tuesday,9,10,False,8.371936178759098
2026-08-25 00:08:42.612765,2026-09-22,BLR,HYD,IndiGo,6E 537,2026-09-22 10:15:00,2026-09-22 11:30:00,4323,INR,Economy,0,SerpApi Google Flights,2026-08-25,00:08:42.612765,2026-09-22,BLR-HYD,28,Tuesday,10,11,False,8.371936178759098
2026-08-25 00:08:42.612767,2026-09-22,BLR,HYD,IndiGo,6E 6404,2026-09-22 11:35:00,2026-09-22 12:50:00,4323,INR,Economy,0,SerpApi Google Flights,2026-08-25,00:08:42.612767,2026-09-22,BLR-HYD,28,Tuesday,11,12,False,8.371936178759098
2026-08-25 00:08:42.612768,2026-09-22,BLR,HYD,IndiGo,6E 6067,2026-09-22 16:30:00,2026-09-22 17:45:00,4323,INR,Economy,0,SerpApi Google Flights,2026-08-25,00:08:42.612768,2026-09-22,BLR-HYD,28,Tuesday,16,17,False,8.371936178759098
2026-08-25 00:08:42.612770,2026-09-22,BLR,HYD,IndiGo,6E 638,2026-09-22 18:35:00,2026-09-22 19:45:00,4323,INR,Economy,0,SerpApi Google Flights,2026-08-25,00:08:42.612770,2026-09-22,BLR-HYD,28,Tuesday,18,19,False,8.371936178759098
2026-08-25 00:08:42.606660,2026-09-06,BLR,HYD,Air India Express,IX 2018,2026-09-06 06:05:00,2026-09-06 07:25:00,4476,INR,Economy,0,SerpApi Google Flights,2026-08-25,00:08:42.606660,2026-09-06,BLR-HYD,12,Sunday,6,7,True,8.406708458240965
2026-08-25 00:08:42.602714,2026-08-30,BLR,HYD,Air India Express,IX 2018,2026-08-30 06:00:00,2026-08-30 07:25:00,4508,INR,Economy,0,SerpApi Google Flights,2026-08-25,00:08:42.602714,2026-08-30,BLR-HYD,5,Sunday,6,7,True,8.413830678421084
2026-08-25 00:08:42.602716,2026-08-30,BLR,HYD,Air India Express,IX 2935,2026-08-30 08:55:00,2026-08-30 10:20:00,6091,INR,Economy,0,SerpApi Google Flights,2026-08-25,00:08:42.602716,2026-08-30,BLR-HYD,5,Sunday,8,10,True,8.714731714015052
2026-08-25 00:08:42.585535,2026-08-25,BLR,HYD,IndiGo,6E 6168,2026-08-25 17:40:00,2026-08-25 21:15:00,6118,INR,Economy,0,SerpApi Google Flights,2026-08-25,00:08:42.585535,2026-08-25,BLR-HYD,0,Tuesday,17,21,False,8.71915396346254
2026-08-25 00:08:42.602718,2026-08-30,BLR,HYD,IndiGo,6E 484,2026-08-30 08:15:00,2026-08-30 09:30:00,6326,INR,Economy,0,SerpApi Google Flights,2026-08-25,00:08:42.602718,2026-08-30,BLR-HYD,5,Sunday,8,9,True,8.752581469146884
2026-08-25 00:08:42.602719,2026-08-30,BLR,HYD,IndiGo,6E 312,2026-08-30 09:15:00,2026-08-30 10:30:00,6326,INR,Economy,0,SerpApi Google Flights,2026-08-25,00:08:42.602719,2026-08-30,BLR-HYD,5,Sunday,9,10,True,8.752581469146884
2026-08-25 00:08:42.596113,2026-08-26,BLR,HYD,IndiGo,6E 6168,2026-08-26 17:40:00,2026-08-26 21:15:00,6538,INR,Economy,0,SerpApi Google Flights,2026-08-25,00:08:42.596113,2026-08-26,BLR-HYD,1,Wednesday,17,21,False,8.785539527561276
2026-08-25 00:08:42.584274,2026-08-25,BLR,HYD,Air India Express,IX 2051,2026-08-25 14:55:00,2026-08-25 16:05:00,7073,INR,Economy,0,SerpApi Google Flights,2026-08-25,00:08:42.584274,2026-08-25,BLR-HYD,0,Tuesday,14,16,False,8.864181369765426
2026-08-25 00:08:42.584277,2026-08-25,BLR,HYD,IndiGo,6E 6067,2026-08-25 16:30:00,2026-08-25 17:45:00,7449,INR,Economy,0,SerpApi Google Flights,2026-08-25,00:08:42.584277,2026-08-25,BLR-HYD,0,Tuesday,16,17,False,8.915969311373605
2026-08-25 00:08:42.585540,2026-08-25,BLR,HYD,IndiGo,6E 6067,2026-08-25 16:30:00,2026-08-25 17:45:00,7449,INR,Economy,0,SerpApi Google Flights,2026-08-25,00:08:42.585540,2026-08-25,BLR-HYD,0,Tuesday,16,17,False,8.915969311373605
2026-08-25 00:08:42.590294,2026-08-24,BLR,HYD,Alliance Air,9I 517,2026-08-24 21:50:00,2026-08-24 23:35:00,7505,INR,Economy,0,SerpApi Google Flights,2026-08-25,00:08:42.590294,2026-08-24,BLR-HYD,-1,Monday,21,23,False,8.923457979694966
2026-08-25 00:08:42.585542,2026-08-25,BLR,HYD,Air India Express,IX 2051,2026-08-25 14:55:00,2026-08-25 16:05:00,7697,INR,Economy,0,SerpApi Google Flights,2026-08-25,00:08:42.585542,2026-08-25,BLR-HYD,0,Tuesday,14,16,False,8.948715833843691
2026-08-25 00:08:42.596120,2026-08-26,BLR,HYD,Star Air,S5 151,2026-08-26 19:15:00,2026-08-26 20:30:00,7886,INR,Economy,0,SerpApi Google Flights,2026-08-25,00:08:42.596120,2026-08-26,BLR-HYD,1,Wednesday,19,20,False,8.97297111339799
2026-08-25 00:08:42.590300,2026-08-24,BLR,HYD,Air India Express,IX 2819,2026-08-24 12:30:00,2026-08-24 13:45:00,8346,INR,Economy,0,SerpApi Google Flights,2026-08-25,00:08:42.590300,2026-08-24,BLR-HYD,-1,Monday,12,13,False,9.029657471850737
2026-08-25 00:08:42.590303,2026-08-24,BLR,HYD,Star Air,S5 151,2026-08-24 08:05:00,2026-08-24 09:20:00,9600,INR,Economy,0,SerpApi Google Flights,2026-08-25,00:08:42.590303,2026-08-24,BLR-HYD,-1,Monday,8,9,False,9.169622538697624
2026-08-25 00:08:42.584279,2026-08-25,BLR,HYD,IndiGo,6E 6404,2026-08-25 11:35:00,2026-08-25 12:50:00,9605,INR,Economy,0,SerpApi Google Flights,2026-08-25,00:08:42.584279,2026-08-25,BLR-HYD,0,Tuesday,11,12,False,9.17014318222477
2026-08-25 00:08:42.596122,2026-08-26,BLR,HYD,Air India Express,IX 1250,2026-08-26 19:15:00,2026-08-26 20:35:00,9854,INR,Economy,0,SerpApi Google Flights,2026-08-25,00:08:42.596122,2026-08-26,BLR-HYD,1,Wednesday,19,20,False,9.19573421958682
2026-08-25 00:08:42.596124,2026-08-26,BLR,HYD,IndiGo,6E 6178,2026-08-26 06:25:00,2026-08-26 07:35:00,10478,INR,Economy,0,SerpApi Google Flights,2026-08-25,00:08:42.596124,2026-08-26,BLR-HYD,1,Wednesday,6,7,False,9.257128533474942
2026-08-25 00:08:42.582566,2026-08-25,BOM,BLR,IndiGo,6E 5294,2026-08-25 04:30:00,2026-08-25 06:25:00,4996,INR,Economy,0,SerpApi Google Flights,2026-08-25,00:08:42.582566,2026-08-25,BOM-BLR,0,Tuesday,4,6,False,8.516593011344206
2026-08-25 00:08:42.585902,2026-08-25,BOM,BLR,IndiGo,6E 5294,2026-08-25 04:30:00,2026-08-25 06:25:00,4996,INR,Economy,0,SerpApi Google Flights,2026-08-25,00:08:42.585902,2026-08-25,BOM-BLR,0,Tuesday,4,6,False,8.516593011344206
2026-08-25 00:08:42.603091,2026-08-30,BOM,BLR,IndiGo,6E 5323,2026-08-30 01:10:00,2026-08-30 03:05:00,4996,INR,Economy,0,SerpApi Google Flights,2026-08-25,00:08:42.603091,2026-08-30,BOM-BLR,5,Sunday,1,3,True,8.516593011344206
2026-08-25 00:08:42.603096,2026-08-30,BOM,BLR,IndiGo,6E 5294,2026-08-30 04:30:00,2026-08-30 06:25:00,4996,INR,Economy,0,SerpApi Google Flights,2026-08-25,00:08:42.603096,2026-08-30,BOM-BLR,5,Sunday,4,6,True,8.516593011344206
2026-08-25 00:08:42.607229,2026-09-06,BOM,BLR,IndiGo,6E 5323,2026-09-06 01:10:00,2026-09-06 03:05:00,4996,INR,Economy,0,SerpApi Google Flights,2026-08-25,00:08:42.607229,2026-09-06,BOM-BLR,12,Sunday,1,3,True,8.516593011344206
2026-08-25 00:08:42.607236,2026-09-06,BOM,BLR,IndiGo,6E 5294,2026-09-06 04:30:00,2026-09-06 06:25:00,4996,INR,Economy,0,SerpApi Google Flights,2026-08-25,00:08:42.607236,2026-09-06,BOM-BLR,12,Sunday,4,6,True,8.516593011344206
2026-08-25 00:08:42.613138,2026-09-22,BOM,BLR,IndiGo,6E 5294,2026-09-22 04:30:00,2026-09-22 06:25:00,4996,INR,Economy,0,SerpApi Google Flights,2026-08-25,00:08:42.613138,2026-09-22,BOM-BLR,28,Tuesday,4,6,False,8.516593011344206
2026-08-25 00:08:42.582570,2026-08-25,BOM,BLR,Air India,AI 2812,2026-08-25 02:05:00,2026-08-25 04:10:00,5152,INR,Economy,0,SerpApi Google Flights,2026-08-25,00:08:42.582570,2026-08-25,BOM-BLR,0,Tuesday,2,4,False,8.547334348328224
2026-08-25 00:08:42.585907,2026-08-25,BOM,BLR,Air India,AI 2812,2026-08-25 02:05:00,2026-08-25 04:10:00,5152,INR,Economy,0,SerpApi Google Flights,2026-08-25,00:08:42.585907,2026-08-25,BOM-BLR,0,Tuesday,2,4,False,8.547334348328224
2026-08-25 00:08:42.585909,2026-08-25,BOM,BLR,Air India,AI 2845,2026-08-25 05:30:00,2026-08-25 07:35:00,5152,INR,Economy,0,SerpApi Google Flights,2026-08-25,00:08:42.585909,2026-08-25,BOM-BLR,0,Tuesday,5,7,False,8.547334348328224
2026-08-25 00:08:42.596582,2026-08-26,BOM,BLR,Air India,AI 2812,2026-08-26 02:05:00,2026-08-26 04:10:00,5152,INR,Economy,0,SerpApi Google Flights,2026-08-25,00:08:42.596582,2026-08-26,BOM-BLR,1,Wednesday,2,4,False,8.547334348328224
2026-08-25 00:08:42.603098,2026-08-30,BOM,BLR,Air India,AI 2812,2026-08-30 02:05:00,2026-08-30 04:10:00,5152,INR,Economy,0,SerpApi Google Flights,2026-08-25,00:08:42.603098,2026-08-30,BOM-BLR,5,Sunday,2,4,True,8.547334348328224
2026-08-25 00:08:42.607238,2026-09-06,BOM,BLR,Air India,AI 2410,2026-09-06 05:30:00,2026-09-06 07:35:00,5152,INR,Economy,0,SerpApi Google Flights,2026-08-25,00:08:42.607238,2026-09-06,BOM-BLR,12,Sunday,5,7,True,8.547334348328224
2026-08-25 00:08:42.613144,2026-09-22,BOM,BLR,Air India,AI 2812,2026-09-22 02:05:00,2026-09-22 04:10:00,5152,INR,Economy,0,SerpApi Google Flights,2026-08-25,00:08:42.613144,2026-09-22,BOM-BLR,28,Tuesday,2,4,False,8.547334348328224
2026-08-25 00:08:42.585911,2026-08-25,BOM,BLR,IndiGo,6E 5323,2026-08-25 01:10:00,2026-08-25 03:05:00,5311,INR,Economy,0,SerpApi Google Flights,2026-08-25,00:08:42.585911,2026-08-25,BOM-BLR,0,Tuesday,1,3,False,8.57772369115627
2026-08-25 00:08:42.596589,2026-08-26,BOM,BLR,IndiGo,6E 5294,2026-08-26 04:30:00,2026-08-26 06:25:00,5311,INR,Economy,0,SerpApi Google Flights,2026-08-25,00:08:42.596589,2026-08-26,BOM-BLR,1,Wednesday,4,6,False,8.57772369115627
2026-08-25 00:08:42.613146,2026-09-22,BOM,BLR,Akasa Air,QP 1133,2026-09-22 20:05:00,2026-09-22 21:45:00,5451,INR,Economy,0,SerpApi Google Flights,2026-08-25,00:08:42.613146,2026-09-22,BOM-BLR,28,Tuesday,20,21,False,8.603737792816423
2026-08-25 00:08:42.582572,2026-08-25,BOM,BLR,Akasa Air,QP 1516,2026-08-25 00:40:00,2026-08-25 02:35:00,5875,INR,Economy,0,SerpApi Google Flights,2026-08-25,00:08:42.582572,2026-08-25,BOM-BLR,0,Tuesday,0,2,False,8.678631537293768
2026-08-25 00:08:42.596591,2026-08-26,BOM,BLR,Akasa Air,QP 1516,2026-08-26 00:40:00,2026-08-26 02:35:00,5875,INR,Economy,0,SerpApi Google Flights,2026-08-25,00:08:42.596591,2026-08-26,BOM-BLR,1,Wednesday,0,2,False,8.678631537293768
2026-08-25 00:08:42.585913,2026-08-25,BOM,BLR,Akasa Air,QP 1516,2026-08-25 00:40:00,2026-08-25 02:35:00,6339,INR,Economy,0,SerpApi Google Flights,2026-08-25,00:08:42.585913,2026-08-25,BOM-BLR,0,Tuesday,0,2,False,8.754634047431272
2026-08-25 00:08:42.590765,2026-08-24,BOM,BLR,Air India,AI 2497,2026-08-24 22:10:00,2026-08-25 00:05:00,6801,INR,Economy,0,SerpApi Google Flights,2026-08-25,00:08:42.590765,2026-08-24,BOM-BLR,-1,Monday,22,0,False,8.82497196556714
2026-08-25 00:08:42.590771,2026-08-24,BOM,BLR,IndiGo,6E 5388,2026-08-24 22:20:00,2026-08-25 00:20:00,6809,INR,Economy,0,SerpApi Google Flights,2026-08-25,00:08:42.590771,2026-08-24,BOM-BLR,-1,Monday,22,0,False,8.826147399143558
2026-08-25 00:08:42.590773,2026-08-24,BOM,BLR,Akasa Air,QP 1384,2026-08-24 23:15:00,2026-08-25 01:00:00,7401,INR,Economy,0,SerpApi Google Flights,2026-08-25,00:08:42.590773,2026-08-24,BOM-BLR,-1,Monday,23,1,False,8.909505512946101
2026-08-25 00:08:42.607240,2026-09-06,BOM,BLR,Akasa Air,QP 1133,2026-09-06 20:05:00,2026-09-06 21:45:00,8671,INR,Economy,0,SerpApi Google Flights,2026-08-25,00:08:42.607240,2026-09-06,BOM-BLR,12,Sunday,20,21,True,9.067854723679428
2026-08-25 00:08:42.597502,2026-08-26,BOM,DEL,Air India Express,IX 1050,2026-08-26 14:45:00,2026-08-26 17:00:00,6390,INR,Economy,0,SerpApi Google Flights,2026-08-25,00:08:42.597502,2026-08-26,BOM-DEL,1,Wednesday,14,17,False,8.762646029650282
2026-08-25 00:08:42.583207,2026-08-25,BOM,DEL,IndiGo,6E 6028,2026-08-25 12:15:00,2026-08-25 14:25:00,6457,INR,Economy,0,SerpApi Google Flights,2026-08-25,00:08:42.583207,2026-08-25,BOM-DEL,0,Tuesday,12,14,False,8.77307495131822
2026-08-25 00:08:42.586396,2026-08-25,BOM,DEL,IndiGo,6E 6028,2026-08-25 12:15:00,2026-08-25 14:25:00,6457,INR,Economy,0,SerpApi Google Flights,2026-08-25,00:08:42.586396,2026-08-25,BOM-DEL,0,Tuesday,12,14,False,8.77307495131822
2026-08-25 00:08:42.591303,2026-08-24,BOM,DEL,IndiGo,6E 6028,2026-08-24 12:15:00,2026-08-24 14:25:00,6457,INR,Economy,0,SerpApi Google Flights,2026-08-25,00:08:42.591303,2026-08-24,BOM-DEL,-1,Monday,12,14,False,8.77307495131822
2026-08-25 00:08:42.597570,2026-08-26,BOM,DEL,IndiGo,6E 6028,2026-08-26 12:15:00,2026-08-26 14:25:00,6457,INR,Economy,0,SerpApi Google Flights,2026-08-25,00:08:42.597570,2026-08-26,BOM-DEL,1,Wednesday,12,14,False,8.77307495131822
2026-08-25 00:08:42.603569,2026-08-30,BOM,DEL,IndiGo,6E 6827,2026-08-30 11:30:00,2026-08-30 13:45:00,6457,INR,Economy,0,SerpApi Google Flights,2026-08-25,00:08:42.603569,2026-08-30,BOM-DEL,5,Sunday,11,13,True,8.77307495131822
2026-08-25 00:08:42.603573,2026-08-30,BOM,DEL,IndiGo,6E 615,2026-08-30 13:00:00,2026-08-30 15:15:00,6457,INR,Economy,0,SerpApi Google Flights,2026-08-25,00:08:42.603573,2026-08-30,BOM-DEL,5,Sunday,13,15,True,8.77307495131822
2026-08-25 00:08:42.607837,2026-09-06,BOM,DEL,IndiGo,6E 6028,2026-09-06 12:15:00,2026-09-06 14:25:00,6457,INR,Economy,0,SerpApi Google Flights,2026-08-25,00:08:42.607837,2026-09-06,BOM-DEL,12,Sunday,12,14,True,8.77307495131822
2026-08-25 00:08:42.614096,2026-09-22,BOM,DEL,IndiGo,6E 6028,2026-09-22 12:15:00,2026-09-22 14:25:00,6457,INR,Economy,0,SerpApi Google Flights,2026-08-25,00:08:42.614096,2026-09-22,BOM-DEL,28,Tuesday,12,14,False,8.77307495131822
2026-08-25 00:08:42.583210,2026-08-25,BOM,DEL,Air India,AI 2677,2026-08-25 13:00:00,2026-08-25 15:15:00,6614,INR,Economy,0,SerpApi Google Flights,2026-08-25,00:08:42.583210,2026-08-25,BOM-DEL,0,Tuesday,13,15,False,8.797095076549056
2026-08-25 00:08:42.586399,2026-08-25,BOM,DEL,Air India,AI 2677,2026-08-25 13:00:00,2026-08-25 15:15:00,6614,INR,Economy,0,SerpApi Google Flights,2026-08-25,00:08:42.586399,2026-08-25,BOM-DEL,0,Tuesday,13,15,False,8.797095076549056
2026-08-25 00:08:42.591309,2026-08-24,BOM,DEL,Air India,AI 2677,2026-08-24 13:00:00,2026-08-24 15:15:00,6614,INR,Economy,0,SerpApi Google Flights,2026-08-25,00:08:42.591309,2026-08-24,BOM-DEL,-1,Monday,13,15,False,8.797095076549056
2026-08-25 00:08:42.597577,2026-08-26,BOM,DEL,Air India,AI 2419,2026-08-26 12:00:00,2026-08-26 14:20:00,6614,INR,Economy,0,SerpApi Google Flights,2026-08-25,00:08:42.597577,2026-08-26,BOM-DEL,1,Wednesday,12,14,False,8.797095076549056
2026-08-25 00:08:42.603575,2026-08-30,BOM,DEL,Air India,AI 2419,2026-08-30 12:00:00,2026-08-30 14:20:00,6614,INR,Economy,0,SerpApi Google Flights,2026-08-25,00:08:42.603575,2026-08-30,BOM-DEL,5,Sunday,12,14,True,8.797095076549056
2026-08-25 00:08:42.607842,2026-09-06,BOM,DEL,Air India,AI 2430,2026-09-06 10:00:00,2026-09-06 12:20:00,6614,INR,Economy,0,SerpApi Google Flights,2026-08-25,00:08:42.607842,2026-09-06,BOM-DEL,12,Sunday,10,12,True,8.797095076549056
2026-08-25 00:08:42.614139,2026-09-22,BOM,DEL,Air India,AI 2677,2026-09-22 13:00:00,2026-09-22 15:15:00,6614,INR,Economy,0,SerpApi Google Flights,2026-08-25,00:08:42.614139,2026-09-22,BOM-DEL,28,Tuesday,13,15,False,8.797095076549056
2026-08-25 00:08:42.591311,2026-08-24,BOM,DEL,SpiceJet,SG 803,2026-08-24 01:50:00,2026-08-24 04:10:00,6616,INR,Economy,0,SerpApi Google Flights,2026-08-25,00:08:42.591311,2026-08-24,BOM-DEL,-1,Monday,1,4,False,8.797397374012059
2026-08-25 00:08:42.614149,2026-09-22,BOM,DEL,SpiceJet,SG 816,2026-09-22 15:55:00,2026-09-22 17:55:00,6668,INR,Economy,0,SerpApi Google Flights,2026-08-25,00:08:42.614149,2026-09-22,BOM-DEL,28,Tuesday,15,17,False,8.805225202632306
2026-08-25 00:08:42.583212,2026-08-25,BOM,DEL,SpiceJet,SG 816,2026-08-25 15:55:00,2026-08-25 17:55:00,6722,INR,Economy,0,SerpApi Google Flights,2026-08-25,00:08:42.583212,2026-08-25,BOM-DEL,0,Tuesday,15,17,False,8.813289762469037
2026-08-25 00:08:42.586401,2026-08-25,BOM,DEL,SpiceJet,SG 816,2026-08-25 15:55:00,2026-08-25 17:55:00,6722,INR,Economy,0,SerpApi Google Flights,2026-08-25,00:08:42.586401,2026-08-25,BOM-DEL,0,Tuesday,15,17,False,8.813289762469037
2026-08-25 00:08:42.583213,2026-08-25,BOM,DEL,Air India Express,IX 1050,2026-08-25 14:45:00,2026-08-25 17:00:00,6724,INR,Economy,0,SerpApi Google Flights,2026-08-25,00:08:42.583213,2026-08-25,BOM-DEL,0,Tuesday,14,17,False,8.81358720447004
2026-08-25 00:08:42.586403,2026-08-25,BOM,DEL,Air India Express,IX 1050,2026-08-25 14:45:00,2026-08-25 17:00:00,6724,INR,Economy,0,SerpApi Google Flights,2026-08-25,00:08:42.586403,2026-08-25,BOM-DEL,0,Tuesday,14,17,False,8.81358720447004
2026-08-25 00:08:42.591313,2026-08-24,BOM,DEL,Air India Express,IX 1050,2026-08-24 14:45:00,2026-08-24 17:00:00,6724,INR,Economy,0,SerpApi Google Flights,2026-08-25,00:08:42.591313,2026-08-24,BOM-DEL,-1,Monday,14,17,False,8.81358720447004
2026-08-25 00:08:42.583215,2026-08-25,BOM,DEL,Akasa Air,QP 1819,2026-08-25 14:30:00,2026-08-25 16:50:00,6912,INR,Economy,0,SerpApi Google Flights,2026-08-25,00:08:42.583215,2026-08-25,BOM-DEL,0,Tuesday,14,16,False,8.841158975945264
2026-08-25 00:08:42.586405,2026-08-25,BOM,DEL,Akasa Air,QP 1819,2026-08-25 14:30:00,2026-08-25 16:50:00,6912,INR,Economy,0,SerpApi Google Flights,2026-08-25,00:08:42.586405,2026-08-25,BOM-DEL,0,Tuesday,14,16,False,8.841158975945264
2026-08-25 00:08:42.591314,2026-08-24,BOM,DEL,Akasa Air,QP 1819,2026-08-24 14:30:00,2026-08-24 16:50:00,6912,INR,Economy,0,SerpApi Google Flights,2026-08-25,00:08:42.591314,2026-08-24,BOM-DEL,-1,Monday,14,16,False,8.841158975945264
2026-08-25 00:08:42.597579,2026-08-26,BOM,DEL,Akasa Air,QP 1819,2026-08-26 14:30:00,2026-08-26 16:50:00,6912,INR,Economy,0,SerpApi Google Flights,2026-08-25,00:08:42.597579,2026-08-26,BOM-DEL,1,Wednesday,14,16,False,8.841158975945264
2026-08-25 00:08:42.603577,2026-08-30,BOM,DEL,Akasa Air,QP 1111,2026-08-30 05:25:00,2026-08-30 07:50:00,6912,INR,Economy,0,SerpApi Google Flights,2026-08-25,00:08:42.603577,2026-08-30,BOM-DEL,5,Sunday,5,7,True,8.841158975945264
2026-08-25 00:08:42.607844,2026-09-06,BOM,DEL,Akasa Air,QP 1127,2026-09-06 13:00:00,2026-09-06 15:20:00,6912,INR,Economy,0,SerpApi Google Flights,2026-08-25,00:08:42.607844,2026-09-06,BOM-DEL,12,Sunday,13,15,True,8.841158975945264
2026-08-25 00:08:42.614154,2026-09-22,BOM,DEL,Akasa Air,QP 1127,2026-09-22 13:00:00,2026-09-22 15:20:00,6912,INR,Economy,0,SerpApi Google Flights,2026-08-25,00:08:42.614154,2026-09-22,BOM-DEL,28,Tuesday,13,15,False,8.841158975945264
2026-08-25 00:08:42.608206,2026-09-06,BOM,HYD,IndiGo,6E 5193,2026-09-06 08:05:00,2026-09-06 12:50:00,5524,INR,Economy,0,SerpApi Google Flights,2026-08-25,00:08:42.608206,2026-09-06,BOM-HYD,12,Sunday,8,12,True,8.617038526385954
2026-08-25 00:08:42.582797,2026-08-25,BOM,HYD,IndiGo,6E 6187,2026-08-25 00:30:00,2026-08-25 02:10:00,5645,INR,Economy,0,SerpApi Google Flights,2026-08-25,00:08:42.582797,2026-08-25,BOM-HYD,0,Tuesday,0,2,False,8.638702608813434
2026-08-25 00:08:42.587054,2026-08-25,BOM,HYD,IndiGo,6E 6187,2026-08-25 00:30:00,2026-08-25 02:10:00,5645,INR,Economy,0,SerpApi Google Flights,2026-08-25,00:08:42.587054,2026-08-25,BOM-HYD,0,Tuesday,0,2,False,8.638702608813434
2026-08-25 00:08:42.591770,2026-08-24,BOM,HYD,IndiGo,6E 6187,2026-08-24 00:30:00,2026-08-24 02:10:00,5645,INR,Economy,0,SerpApi Google Flights,2026-08-25,00:08:42.591770,2026-08-24,BOM-HYD,-1,Monday,0,2,False,8.638702608813434
2026-08-25 00:08:42.598971,2026-08-26,BOM,HYD,IndiGo,6E 6187,2026-08-26 00:30:00,2026-08-26 02:10:00,5645,INR,Economy,0,SerpApi Google Flights,2026-08-25,00:08:42.598971,2026-08-26,BOM-HYD,1,Wednesday,0,2,False,8.638702608813434
2026-08-25 00:08:42.598983,2026-08-26,BOM,HYD,IndiGo,6E 6195,2026-08-26 23:00:00,2026-08-27 00:35:00,5645,INR,Economy,0,SerpApi Google Flights,2026-08-25,00:08:42.598983,2026-08-26,BOM-HYD,1,Wednesday,23,0,False,8.638702608813434
2026-08-25 00:08:42.603868,2026-08-30,BOM,HYD,IndiGo,6E 6187,2026-08-30 00:30:00,2026-08-30 02:10:00,5645,INR,Economy,0,SerpApi Google Flights,2026-08-25,00:08:42.603868,2026-08-30,BOM-HYD,5,Sunday,0,2,True,8.638702608813434
2026-08-25 00:08:42.603872,2026-08-30,BOM,HYD,IndiGo,6E 5326,2026-08-30 19:40:00,2026-08-30 21:20:00,5645,INR,Economy,0,SerpApi Google Flights,2026-08-25,00:08:42.603872,2026-08-30,BOM-HYD,5,Sunday,19,21,True,8.638702608813434
2026-08-25 00:08:42.603874,2026-08-30,BOM,HYD,IndiGo,6E 6195,2026-08-30 23:00:00,2026-08-31 00:35:00,5645,INR,Economy,0,SerpApi Google Flights,2026-08-25,00:08:42.603874,2026-08-30,BOM-HYD,5,Sunday,23,0,True,8.638702608813434
2026-08-25 00:08:42.608210,2026-09-06,BOM,HYD,IndiGo,6E 5326,2026-09-06 19:40:00,2026-09-06 21:20:00,5645,INR,Economy,0,SerpApi Google Flights,2026-08-25,00:08:42.608210,2026-09-06,BOM-HYD,12,Sunday,19,21,True,8.638702608813434
2026-08-25 00:08:42.615209,2026-09-22,BOM,HYD,IndiGo,6E 5326,2026-09-22 19:40:00,2026-09-22 21:20:00,5645,INR,Economy,0,SerpApi Google Flights,2026-08-25,00:08:42.615209,2026-09-22,BOM-HYD,28,Tuesday,19,21,False,8.638702608813434
2026-08-25 00:08:42.615220,2026-09-22,BOM,HYD,IndiGo,6E 6195,2026-09-22 23:00:00,2026-09-23 00:35:00,5645,INR,Economy,0,SerpApi Google Flights,2026-08-25,00:08:42.615220,2026-09-22,BOM-HYD,28,Tuesday,23,0,False,8.638702608813434
2026-08-25 00:08:42.591775,2026-08-24,BOM,HYD,Air India,AI 2869,2026-08-24 21:25:00,2026-08-24 23:05:00,5803,INR,Economy,0,SerpApi Google Flights,2026-08-25,00:08:42.591775,2026-08-24,BOM-HYD,-1,Monday,21,23,False,8.666302614004078
2026-08-25 00:08:42.598985,2026-08-26,BOM,HYD,Air India,AI 2869,2026-08-26 21:25:00,2026-08-26 23:05:00,5803,INR,Economy,0,SerpApi Google Flights,2026-08-25,00:08:42.598985,2026-08-26,BOM-HYD,1,Wednesday,21,23,False,8.666302614004078
2026-08-25 00:08:42.615222,2026-09-22,BOM,HYD,Air India,AI 2875,2026-09-22 19:35:00,2026-09-22 21:05:00,5803,INR,Economy,0,SerpApi Google Flights,2026-08-25,00:08:42.615222,2026-09-22,BOM-HYD,28,Tuesday,19,21,False,8.666302614004078
2026-08-25 00:08:42.591777,2026-08-24,BOM,HYD,IndiGo,6E 230,2026-08-24 13:55:00,2026-08-24 17:50:00,5945,INR,Economy,0,SerpApi Google Flights,2026-08-25,00:08:42.591777,2026-08-24,BOM-HYD,-1,Monday,13,17,False,8.690474003558043
2026-08-25 00:08:42.598989,2026-08-26,BOM,HYD,IndiGo,6E 5386,2026-08-26 15:10:00,2026-08-26 16:45:00,5960,INR,Economy,0,SerpApi Google Flights,2026-08-25,00:08:42.598989,2026-08-26,BOM-HYD,1,Wednesday,15,16,False,8.692993531219926
2026-08-25 00:08:42.603876,2026-08-30,BOM,HYD,Air India,AI 2450,2026-08-30 20:25:00,2026-08-30 22:00:00,6113,INR,Economy,0,SerpApi Google Flights,2026-08-25,00:08:42.603876,2026-08-30,BOM-HYD,5,Sunday,20,22,True,8.71833650245078
2026-08-25 00:08:42.608213,2026-09-06,BOM,HYD,Air India,AI 2444,2026-09-06 10:50:00,2026-09-06 12:25:00,6113,INR,Economy,0,SerpApi Google Flights,2026-08-25,00:08:42.608213,2026-09-06,BOM-HYD,12,Sunday,10,12,True,8.71833650245078
2026-08-25 00:08:42.587073,2026-08-25,BOM,HYD,IndiGo,6E 6195,2026-08-25 23:00:00,2026-08-26 00:35:00,6275,INR,Economy,0,SerpApi Google Flights,2026-08-25,00:08:42.587073,2026-08-25,BOM-HYD,0,Tuesday,23,0,False,8.744488113852924
2026-08-25 00:08:42.582800,2026-08-25,BOM,HYD,Air India,AI 2869,2026-08-25 21:25:00,2026-08-25 23:05:00,6480,INR,Economy,0,SerpApi Google Flights,2026-08-25,00:08:42.582800,2026-08-25,BOM-HYD,0,Tuesday,21,23,False,8.776630098427717
2026-08-25 00:08:42.587080,2026-08-25,BOM,HYD,Air India,AI 2869,2026-08-25 21:25:00,2026-08-25 23:05:00,6480,INR,Economy,0,SerpApi Google Flights,2026-08-25,00:08:42.587080,2026-08-25,BOM-HYD,0,Tuesday,21,23,False,8.776630098427717
2026-08-25 00:08:42.582802,2026-08-25,BOM,HYD,IndiGo,6E 5178,2026-08-25 11:40:00,2026-08-25 13:20:00,6695,INR,Economy,0,SerpApi Google Flights,2026-08-25,00:08:42.582802,2026-08-25,BOM-HYD,0,Tuesday,11,13,False,8.80926561216931
2026-08-25 00:08:42.581721,2026-08-25,DEL,BLR,IndiGo,6E 846,2026-08-25 22:00:00,2026-08-26 00:55:00,8576,INR,Economy,0,SerpApi Google Flights,2026-08-25,00:08:42.581721,2026-08-25,DEL-BLR,0,Tuesday,22,0,False,9.056839480990421
2026-08-25 00:08:42.587491,2026-08-25,DEL,BLR,IndiGo,6E 846,2026-08-25 22:00:00,2026-08-26 00:55:00,8576,INR,Economy,0,SerpApi Google Flights,2026-08-25,00:08:42.587491,2026-08-25,DEL-BLR,0,Tuesday,22,0,False,9.056839480990421
2026-08-25 00:08:42.592196,2026-08-24,DEL,BLR,IndiGo,6E 846,2026-08-24 22:00:00,2026-08-25 00:55:00,8576,INR,Economy,0,SerpApi Google Flights,2026-08-25,00:08:42.592196,2026-08-24,DEL-BLR,-1,Monday,22,0,False,9.056839480990421
2026-08-25 00:08:42.599529,2026-08-26,DEL,BLR,IndiGo,6E 846,2026-08-26 22:00:00,2026-08-27 00:55:00,8576,INR,Economy,0,SerpApi Google Flights,2026-08-25,00:08:42.599529,2026-08-26,DEL-BLR,1,Wednesday,22,0,False,9.056839480990421
2026-08-25 00:08:42.615781,2026-09-22,DEL,BLR,IndiGo,6E 828,2026-09-22 14:30:00,2026-09-22 17:25:00,8576,INR,Economy,0,SerpApi Google Flights,2026-08-25,00:08:42.615781,2026-09-22,DEL-BLR,28,Tuesday,14,17,False,9.056839480990421
2026-08-25 00:08:42.615789,2026-09-22,DEL,BLR,IndiGo,6E 880,2026-09-22 15:45:00,2026-09-22 18:40:00,8576,INR,Economy,0,SerpApi Google Flights,2026-08-25,00:08:42.615789,2026-09-22,DEL-BLR,28,Tuesday,15,18,False,9.056839480990421
2026-08-25 00:08:42.615791,2026-09-22,DEL,BLR,IndiGo,6E 837,2026-09-22 17:00:00,2026-09-22 19:55:00,8576,INR,Economy,0,SerpApi Google Flights,2026-08-25,00:08:42.615791,2026-09-22,DEL-BLR,28,Tuesday,17,19,False,9.056839480990421
2026-08-25 00:08:42.615793,2026-09-22,DEL,BLR,IndiGo,6E 811,2026-09-22 18:20:00,2026-09-22 21:10:00,8576,INR,Economy,0,SerpApi Google Flights,2026-08-25,00:08:42.615793,2026-09-22,DEL-BLR,28,Tuesday,18,21,False,9.056839480990421
2026-08-25 00:08:42.581726,2026-08-25,DEL,BLR,Air India,AI 2412,2026-08-25 21:30:00,2026-08-26 00:25:00,8735,INR,Economy,0,SerpApi Google Flights,2026-08-25,00:08:42.581726,2026-08-25,DEL-BLR,0,Tuesday,21,0,False,9.075207697984686
2026-08-25 00:08:42.587496,2026-08-25,DEL,BLR,Air India,AI 2412,2026-08-25 21:30:00,2026-08-26 00:25:00,8735,INR,Economy,0,SerpApi Google Flights,2026-08-25,00:08:42.587496,2026-08-25,DEL-BLR,0,Tuesday,21,0,False,9.075207697984686
2026-08-25 00:08:42.592202,2026-08-24,DEL,BLR,Air India,AI 2512,2026-08-24 19:00:00,2026-08-24 21:55:00,8735,INR,Economy,0,SerpApi Google Flights,2026-08-25,00:08:42.592202,2026-08-24,DEL-BLR,-1,Monday,19,21,False,9.075207697984686
2026-08-25 00:08:42.615794,2026-09-22,DEL,BLR,Air India,AI 2819,2026-09-22 15:00:00,2026-09-22 17:55:00,8735,INR,Economy,0,SerpApi Google Flights,2026-08-25,00:08:42.615794,2026-09-22,DEL-BLR,28,Tuesday,15,17,False,9.075207697984686
2026-08-25 00:08:42.599536,2026-08-26,DEL,BLR,Air India Express,IX 1070,2026-08-26 18:40:00,2026-08-26 21:30:00,8971,INR,Economy,0,SerpApi Google Flights,2026-08-25,00:08:42.599536,2026-08-26,DEL-BLR,1,Wednesday,18,21,False,9.101863895640099
2026-08-25 00:08:42.581727,2026-08-25,DEL,BLR,Akasa Air,QP 1812,2026-08-25 22:55:00,2026-08-26 01:50:00,9031,INR,Economy,0,SerpApi Google Flights,2026-08-25,00:08:42.581727,2026-08-25,DEL-BLR,0,Tuesday,22,1,False,9.108529105829499
2026-08-25 00:08:42.587498,2026-08-25,DEL,BLR,Akasa Air,QP 1350,2026-08-25 21:55:00,2026-08-26 00:50:00,9031,INR,Economy,0,SerpApi Google Flights,2026-08-25,00:08:42.587498,2026-08-25,DEL-BLR,0,Tuesday,21,0,False,9.108529105829499
2026-08-25 00:08:42.592204,2026-08-24,DEL,BLR,Akasa Air,QP 1308,2026-08-24 20:55:00,2026-08-24 23:50:00,9031,INR,Economy,0,SerpApi Google Flights,2026-08-25,00:08:42.592204,2026-08-24,DEL-BLR,-1,Monday,20,23,False,9.108529105829499
2026-08-25 00:08:42.599538,2026-08-26,DEL,BLR,Akasa Air,QP 1335,2026-08-26 14:55:00,2026-08-26 17:55:00,9031,INR,Economy,0,SerpApi Google Flights,2026-08-25,00:08:42.599538,2026-08-26,DEL-BLR,1,Wednesday,14,17,False,9.108529105829499
2026-08-25 00:08:42.608698,2026-09-06,DEL,BLR,Air India,AI 2757,2026-09-06 00:15:00,2026-09-06 03:10:00,9270,INR,Economy,0,SerpApi Google Flights,2026-08-25,00:08:42.608698,2026-09-06,DEL-BLR,12,Sunday,0,3,True,9.134646527606982
2026-08-25 00:08:42.608707,2026-09-06,DEL,BLR,IndiGo,6E 2314,2026-09-06 05:45:00,2026-09-06 08:40:00,9518,INR,Economy,0,SerpApi Google Flights,2026-08-25,00:08:42.608707,2026-09-06,DEL-BLR,12,Sunday,5,8,True,9.161045080251306
2026-08-25 00:08:42.604206,2026-08-30,DEL,BLR,IndiGo,6E 820,2026-08-30 03:00:00,2026-08-30 05:55:00,11161,INR,Economy,0,SerpApi Google Flights,2026-08-25,00:08:42.604206,2026-08-30,DEL-BLR,5,Sunday,3,5,True,9.320270431348378
2026-08-25 00:08:42.604210,2026-08-30,DEL,BLR,Air India,AI 2502,2026-08-30 03:15:00,2026-08-30 06:10:00,11318,INR,Economy,0,SerpApi Google Flights,2026-08-25,00:08:42.604210,2026-08-30,DEL-BLR,5,Sunday,3,6,True,9.33423800863242
2026-08-25 00:08:42.604212,2026-08-30,DEL,BLR,Air India,AI 2757,2026-08-30 00:15:00,2026-08-30 03:10:00,11418,INR,Economy,0,SerpApi Google Flights,2026-08-25,00:08:42.604212,2026-08-30,DEL-BLR,5,Sunday,0,3,True,9.343033913701648
2026-08-25 00:08:42.608711,2026-09-06,DEL,BLR,Akasa Air,QP 1308,2026-09-06 20:55:00,2026-09-06 23:50:00,11638,INR,Economy,0,SerpApi Google Flights,2026-08-25,00:08:42.608711,2026-09-06,DEL-BLR,12,Sunday,20,23,True,9.362116806941977
2026-08-25 00:08:42.604214,2026-08-30,DEL,BLR,IndiGo,6E 2314,2026-08-30 05:45:00,2026-08-30 08:40:00,11777,INR,Economy,0,SerpApi Google Flights,2026-08-25,00:08:42.604214,2026-08-30,DEL-BLR,5,Sunday,5,8,True,9.373988663504516
2026-08-25 00:08:42.580506,2026-08-25,DEL,BOM,IndiGo,6E 324,2026-08-25 13:00:00,2026-08-25 15:10:00,6425,INR,Economy,0,SerpApi Google Flights,2026-08-25,00:08:42.580506,2026-08-25,DEL-BOM,0,Tuesday,13,15,False,8.768107539675803
2026-08-25 00:08:42.581345,2026-08-25,DEL,BOM,IndiGo,6E 324,2026-08-25 13:00:00,2026-08-25 15:10:00,6425,INR,Economy,0,SerpApi Google Flights,2026-08-25,00:08:42.581345,2026-08-25,DEL-BOM,0,Tuesday,13,15,False,8.768107539675803
2026-08-25 00:08:42.587980,2026-08-25,DEL,BOM,IndiGo,6E 324,2026-08-25 13:00:00,2026-08-25 15:10:00,6425,INR,Economy,0,SerpApi Google Flights,2026-08-25,00:08:42.587980,2026-08-25,DEL-BOM,0,Tuesday,13,15,False,8.768107539675803
2026-08-25 00:08:42.592685,2026-08-24,DEL,BOM,IndiGo,6E 324,2026-08-24 13:00:00,2026-08-24 15:10:00,6425,INR,Economy,0,SerpApi Google Flights,2026-08-25,00:08:42.592685,2026-08-24,DEL-BOM,-1,Monday,13,15,False,8.768107539675803
2026-08-25 00:08:42.600385,2026-08-26,DEL,BOM,IndiGo,6E 6047,2026-08-26 11:00:00,2026-08-26 13:15:00,6425,INR,Economy,0,SerpApi Google Flights,2026-08-25,00:08:42.600385,2026-08-26,DEL-BOM,1,Wednesday,11,13,False,8.768107539675803
2026-08-25 00:08:42.604759,2026-08-30,DEL,BOM,IndiGo,6E 320,2026-08-30 08:00:00,2026-08-30 10:20:00,6425,INR,Economy,0,SerpApi Google Flights,2026-08-25,00:08:42.604759,2026-08-30,DEL-BOM,5,Sunday,8,10,True,8.768107539675803
2026-08-25 00:08:42.609583,2026-09-06,DEL,BOM,IndiGo,6E 6328,2026-09-06 10:15:00,2026-09-06 12:35:00,6425,INR,Economy,0,SerpApi Google Flights,2026-08-25,00:08:42.609583,2026-09-06,DEL-BOM,12,Sunday,10,12,True,8.768107539675803
2026-08-25 00:08:42.616403,2026-09-22,DEL,BOM,IndiGo,6E 6047,2026-09-22 11:00:00,2026-09-22 13:15:00,6425,INR,Economy,0,SerpApi Google Flights,2026-08-25,00:08:42.616403,2026-09-22,DEL-BOM,28,Tuesday,11,13,False,8.768107539675803
2026-08-25 00:08:42.616408,2026-09-22,DEL,BOM,IndiGo,6E 6676,2026-09-22 12:00:00,2026-09-22 14:15:00,6425,INR,Economy,0,SerpApi Google Flights,2026-08-25,00:08:42.616408,2026-09-22,DEL-BOM,28,Tuesday,12,14,False,8.768107539675803
2026-08-25 00:08:42.616410,2026-09-22,DEL,BOM,IndiGo,6E 324,2026-09-22 13:00:00,2026-09-22 15:10:00,6425,INR,Economy,0,SerpApi Google Flights,2026-08-25,00:08:42.616410,2026-09-22,DEL-BOM,28,Tuesday,13,15,False,8.768107539675803
2026-08-25 00:08:42.580516,2026-08-25,DEL,BOM,Air India,AI 1785,2026-08-25 12:00:00,2026-08-25 14:25:00,6582,INR,Economy,0,SerpApi Google Flights,2026-08-25,00:08:42.580516,2026-08-25,DEL-BOM,0,Tuesday,12,14,False,8.792245847467877
2026-08-25 00:08:42.581351,2026-08-25,DEL,BOM,Air India,AI 1785,2026-08-25 12:00:00,2026-08-25 14:25:00,6582,INR,Economy,0,SerpApi Google Flights,2026-08-25,00:08:42.581351,2026-08-25,DEL-BOM,0,Tuesday,12,14,False,8.792245847467877
2026-08-25 00:08:42.587986,2026-08-25,DEL,BOM,Air India,AI 1785,2026-08-25 12:00:00,2026-08-25 14:25:00,6582,INR,Economy,0,SerpApi Google Flights,2026-08-25,00:08:42.587986,2026-08-25,DEL-BOM,0,Tuesday,12,14,False,8.792245847467877
2026-08-25 00:08:42.592689,2026-08-24,DEL,BOM,Air India,AI 2425,2026-08-24 10:30:00,2026-08-24 12:50:00,6582,INR,Economy,0,SerpApi Google Flights,2026-08-25,00:08:42.592689,2026-08-24,DEL-BOM,-1,Monday,10,12,False,8.792245847467877
2026-08-25 00:08:42.600399,2026-08-26,DEL,BOM,Air India,AI 2963,2026-08-26 09:00:00,2026-08-26 11:15:00,6582,INR,Economy,0,SerpApi Google Flights,2026-08-25,00:08:42.600399,2026-08-26,DEL-BOM,1,Wednesday,9,11,False,8.792245847467877
2026-08-25 00:08:42.604766,2026-08-30,DEL,BOM,Air India,AI 2678,2026-08-30 08:30:00,2026-08-30 10:45:00,6582,INR,Economy,0,SerpApi Google Flights,2026-08-25,00:08:42.604766,2026-08-30,DEL-BOM,5,Sunday,8,10,True,8.792245847467877
2026-08-25 00:08:42.609594,2026-09-06,DEL,BOM,Air India,AI 2425,2026-09-06 10:30:00,2026-09-06 12:50:00,6582,INR,Economy,0,SerpApi Google Flights,2026-08-25,00:08:42.609594,2026-09-06,DEL-BOM,12,Sunday,10,12,True,8.792245847467877
2026-08-25 00:08:42.616412,2026-09-22,DEL,BOM,Air India,AI 2963,2026-09-22 09:00:00,2026-09-22 11:15:00,6582,INR,Economy,0,SerpApi Google Flights,2026-08-25,00:08:42.616412,2026-09-22,DEL-BOM,28,Tuesday,9,11,False,8.792245847467877
2026-08-25 00:08:42.587988,2026-08-25,DEL,BOM,Air India Express,IX 1605,2026-08-25 06:00:00,2026-08-25 08:10:00,6610,INR,Economy,0,SerpApi Google Flights,2026-08-25,00:08:42.587988,2026-08-25,DEL-BOM,0,Tuesday,6,8,False,8.796490207333578
2026-08-25 00:08:42.592691,2026-08-24,DEL,BOM,Air India Express,IX 1056,2026-08-24 17:50:00,2026-08-24 20:10:00,6610,INR,Economy,0,SerpApi Google Flights,2026-08-25,00:08:42.592691,2026-08-24,DEL-BOM,-1,Monday,17,20,False,8.796490207333578
2026-08-25 00:08:42.600401,2026-08-26,DEL,BOM,Air India Express,IX 1605,2026-08-26 06:00:00,2026-08-26 08:10:00,6610,INR,Economy,0,SerpApi Google Flights,2026-08-25,00:08:42.600401,2026-08-26,DEL-BOM,1,Wednesday,6,8,False,8.796490207333578
2026-08-25 00:08:42.604768,2026-08-30,DEL,BOM,Air India Express,IX 1605,2026-08-30 06:00:00,2026-08-30 08:10:00,6610,INR,Economy,0,SerpApi Google Flights,2026-08-25,00:08:42.604768,2026-08-30,DEL-BOM,5,Sunday,6,8,True,8.796490207333578
2026-08-25 00:08:42.580519,2026-08-25,DEL,BOM,Akasa Air,QP 1807,2026-08-25 13:40:00,2026-08-25 15:55:00,6880,INR,Economy,0,SerpApi Google Flights,2026-08-25,00:08:42.580519,2026-08-25,DEL-BOM,0,Tuesday,13,15,False,8.83651926920248
2026-08-25 00:08:42.581353,2026-08-25,DEL,BOM,Akasa Air,QP 1807,2026-08-25 13:40:00,2026-08-25 15:55:00,6880,INR,Economy,0,SerpApi Google Flights,2026-08-25,00:08:42.581353,2026-08-25,DEL-BOM,0,Tuesday,13,15,False,8.83651926920248
2026-08-25 00:08:42.587989,2026-08-25,DEL,BOM,Akasa Air,QP 1807,2026-08-25 13:40:00,2026-08-25 15:55:00,6880,INR,Economy,0,SerpApi Google Flights,2026-08-25,00:08:42.587989,2026-08-25,DEL-BOM,0,Tuesday,13,15,False,8.83651926920248
2026-08-25 00:08:42.592692,2026-08-24,DEL,BOM,Akasa Air,QP 1820,2026-08-24 17:30:00,2026-08-24 19:45:00,6880,INR,Economy,0,SerpApi Google Flights,2026-08-25,00:08:42.592692,2026-08-24,DEL-BOM,-1,Monday,17,19,False,8.83651926920248
2026-08-25 00:08:42.609596,2026-09-06,DEL,BOM,Akasa Air,QP 1836,2026-09-06 12:30:00,2026-09-06 14:50:00,6880,INR,Economy,0,SerpApi Google Flights,2026-08-25,00:08:42.609596,2026-09-06,DEL-BOM,12,Sunday,12,14,True,8.83651926920248
2026-08-25 00:08:42.604771,2026-08-30,DEL,BOM,Akasa Air,QP 1112,2026-08-30 09:20:00,2026-08-30 11:45:00,7243,INR,Economy,0,SerpApi Google Flights,2026-08-25,00:08:42.604771,2026-08-30,DEL-BOM,5,Sunday,9,11,True,8.887928819003305
2026-08-25 00:08:42.593083,2026-08-24,DEL,CCU,IndiGo,6E 6236,2026-08-24 16:20:00,2026-08-24 21:05:00,6787,INR,Economy,0,SerpApi Google Flights,2026-08-25,00:08:42.593083,2026-08-24,DEL-CCU,-1,Monday,16,21,False,8.822911626354117
2026-08-25 00:08:42.610189,2026-09-06,DEL,CCU,IndiGo,6E 6378,2026-09-06 14:40:00,2026-09-06 19:20:00,7102,INR,Economy,0,SerpApi Google Flights,2026-08-25,00:08:42.610189,2026-09-06,DEL-CCU,12,Sunday,14,19,True,8.86827250899781
2026-08-25 00:08:42.616780,2026-09-22,DEL,CCU,SpiceJet,SG 905,2026-09-22 20:10:00,2026-09-22 22:30:00,7500,INR,Economy,0,SerpApi Google Flights,2026-08-25,00:08:42.616780,2026-09-22,DEL-CCU,28,Tuesday,20,22,False,8.922791623969637
2026-08-25 00:08:42.588365,2026-08-25,DEL,CCU,Akasa Air,QP 1801,2026-08-25 05:55:00,2026-08-25 08:15:00,7933,INR,Economy,0,SerpApi Google Flights,2026-08-25,00:08:42.588365,2026-08-25,DEL-CCU,0,Tuesday,5,8,False,8.978912601074276
2026-08-25 00:08:42.601052,2026-08-26,DEL,CCU,Akasa Air,QP 1801,2026-08-26 05:55:00,2026-08-26 08:15:00,7933,INR,Economy,0,SerpApi Google Flights,2026-08-25,00:08:42.601052,2026-08-26,DEL-CCU,1,Wednesday,5,8,False,8.978912601074276
2026-08-25 00:08:42.610198,2026-09-06,DEL,CCU,Akasa Air,QP 1801,2026-09-06 05:55:00,2026-09-06 08:15:00,7933,INR,Economy,0,SerpApi Google Flights,2026-08-25,00:08:42.610198,2026-09-06,DEL-CCU,12,Sunday,5,8,True,8.978912601074276
2026-08-25 00:08:42.593087,2026-08-24,DEL,CCU,SpiceJet,SG 905,2026-08-24 20:10:00,2026-08-24 22:30:00,7943,INR,Economy,0,SerpApi Google Flights,2026-08-25,00:08:42.593087,2026-08-24,DEL-CCU,-1,Monday,20,22,False,8.980172205725008
2026-08-25 00:08:42.582285,2026-08-25,DEL,CCU,Akasa Air,QP 1803,2026-08-25 17:05:00,2026-08-25 19:25:00,8231,INR,Economy,0,SerpApi Google Flights,2026-08-25,00:08:42.582285,2026-08-25,DEL-CCU,0,Tuesday,17,19,False,9.015784277513886
2026-08-25 00:08:42.616784,2026-09-22,DEL,CCU,Akasa Air,QP 1803,2026-09-22 17:05:00,2026-09-22 19:25:00,8231,INR,Economy,0,SerpApi Google Flights,2026-08-25,00:08:42.616784,2026-09-22,DEL-CCU,28,Tuesday,17,19,False,9.015784277513886
2026-08-25 00:08:42.582289,2026-08-25,DEL,CCU,IndiGo,6E 897,2026-08-25 12:45:00,2026-08-25 15:05:00,8346,INR,Economy,0,SerpApi Google Flights,2026-08-25,00:08:42.582289,2026-08-25,DEL-CCU,0,Tuesday,12,15,False,9.029657471850737
2026-08-25 00:08:42.588370,2026-08-25,DEL,CCU,IndiGo,6E 897,2026-08-25 12:45:00,2026-08-25 15:05:00,8346,INR,Economy,0,SerpApi Google Flights,2026-08-25,00:08:42.588370,2026-08-25,DEL-CCU,0,Tuesday,12,15,False,9.029657471850737
2026-08-25 00:08:42.593089,2026-08-24,DEL,CCU,IndiGo,6E 247,2026-08-24 23:30:00,2026-08-25 01:45:00,8346,INR,Economy,0,SerpApi Google Flights,2026-08-25,00:08:42.593089,2026-08-24,DEL-CCU,-1,Monday,23,1,False,9.029657471850737
2026-08-25 00:08:42.601061,2026-08-26,DEL,CCU,IndiGo,6E 897,2026-08-26 12:45:00,2026-08-26 15:05:00,8346,INR,Economy,0,SerpApi Google Flights,2026-08-25,00:08:42.601061,2026-08-26,DEL-CCU,1,Wednesday,12,15,False,9.029657471850737
2026-08-25 00:08:42.605099,2026-08-30,DEL,CCU,IndiGo,6E 389,2026-08-30 21:50:00,2026-08-31 00:05:00,8346,INR,Economy,0,SerpApi Google Flights,2026-08-25,00:08:42.605099,2026-08-30,DEL-CCU,5,Sunday,21,0,True,9.029657471850737
2026-08-25 00:08:42.605104,2026-08-30,DEL,CCU,IndiGo,6E 247,2026-08-30 23:30:00,2026-08-31 01:45:00,8346,INR,Economy,0,SerpApi Google Flights,2026-08-25,00:08:42.605104,2026-08-30,DEL-CCU,5,Sunday,23,1,True,9.029657471850737
2026-08-25 00:08:42.610200,2026-09-06,DEL,CCU,IndiGo,6E 6517,2026-09-06 19:30:00,2026-09-06 21:45:00,8346,INR,Economy,0,SerpApi Google Flights,2026-08-25,00:08:42.610200,2026-09-06,DEL-CCU,12,Sunday,19,21,True,9.029657471850737
2026-08-25 00:08:42.616787,2026-09-22,DEL,CCU,IndiGo,6E 894,2026-09-22 10:15:00,2026-09-22 12:30:00,8346,INR,Economy,0,SerpApi Google Flights,2026-08-25,00:08:42.616787,2026-09-22,DEL-CCU,28,Tuesday,10,12,False,9.029657471850737
2026-08-25 00:08:42.582291,2026-08-25,DEL,CCU,Air India,AI 1791,2026-08-25 09:30:00,2026-08-25 11:50:00,8504,INR,Economy,0,SerpApi Google Flights,2026-08-25,00:08:42.582291,2026-08-25,DEL-CCU,0,Tuesday,9,11,False,9.048409504829962
2026-08-25 00:08:42.588372,2026-08-25,DEL,CCU,Air India,AI 1704,2026-08-25 13:00:00,2026-08-25 15:20:00,8504,INR,Economy,0,SerpApi Google Flights,2026-08-25,00:08:42.588372,2026-08-25,DEL-CCU,0,Tuesday,13,15,False,9.048409504829962
2026-08-25 00:08:42.593091,2026-08-24,DEL,CCU,Air India,AI 2727,2026-08-24 22:00:00,2026-08-25 00:20:00,8504,INR,Economy,0,SerpApi Google Flights,2026-08-25,00:08:42.593091,2026-08-24,DEL-CCU,-1,Monday,22,0,False,9.048409504829962
2026-08-25 00:08:42.601063,2026-08-26,DEL,CCU,Air India,AI 1704,2026-08-26 13:00:00,2026-08-26 15:20:00,8504,INR,Economy,0,SerpApi Google Flights,2026-08-25,00:08:42.601063,2026-08-26,DEL-CCU,1,Wednesday,13,15,False,9.048409504829962
2026-08-25 00:08:42.605105,2026-08-30,DEL,CCU,Air India,AI 2727,2026-08-30 22:00:00,2026-08-31 00:20:00,8504,INR,Economy,0,SerpApi Google Flights,2026-08-25,00:08:42.605105,2026-08-30,DEL-CCU,5,Sunday,22,0,True,9.048409504829962
2026-08-25 00:08:42.605107,2026-08-30,DEL,CCU,Akasa Air,QP 1801,2026-08-30 05:55:00,2026-08-30 08:15:00,8543,INR,Economy,0,SerpApi Google Flights,2026-08-25,00:08:42.605107,2026-08-30,DEL-CCU,5,Sunday,5,8,True,9.052984561199976
2026-08-25 00:08:42.601549,2026-08-26,DEL,HYD,IndiGo,6E 853,2026-08-26 20:45:00,2026-08-27 02:10:00,6990,INR,Economy,0,SerpApi Google Flights,2026-08-25,00:08:42.601549,2026-08-26,DEL-HYD,1,Wednesday,20,2,False,8.852378886511985
2026-08-25 00:08:42.582018,2026-08-25,DEL,HYD,IndiGo,6E 6282,2026-08-25 13:30:00,2026-08-25 15:45:00,8295,INR,Economy,0,SerpApi Google Flights,2026-08-25,00:08:42.582018,2026-08-25,DEL-HYD,0,Tuesday,13,15,False,9.023528749909364
2026-08-25 00:08:42.588680,2026-08-25,DEL,HYD,IndiGo,6E 6282,2026-08-25 13:30:00,2026-08-25 15:45:00,8295,INR,Economy,0,SerpApi Google Flights,2026-08-25,00:08:42.588680,2026-08-25,DEL-HYD,0,Tuesday,13,15,False,9.023528749909364
2026-08-25 00:08:42.593667,2026-08-24,DEL,HYD,IndiGo,6E 6282,2026-08-24 13:30:00,2026-08-24 15:45:00,8295,INR,Economy,0,SerpApi Google Flights,2026-08-25,00:08:42.593667,2026-08-24,DEL-HYD,-1,Monday,13,15,False,9.023528749909364
2026-08-25 00:08:42.601556,2026-08-26,DEL,HYD,IndiGo,6E 6282,2026-08-26 13:30:00,2026-08-26 15:45:00,8295,INR,Economy,0,SerpApi Google Flights,2026-08-25,00:08:42.601556,2026-08-26,DEL-HYD,1,Wednesday,13,15,False,9.023528749909364
2026-08-25 00:08:42.610917,2026-09-06,DEL,HYD,IndiGo,6E 884,2026-09-06 11:45:00,2026-09-06 14:00:00,8295,INR,Economy,0,SerpApi Google Flights,2026-08-25,00:08:42.610917,2026-09-06,DEL-HYD,12,Sunday,11,14,True,9.023528749909364
2026-08-25 00:08:42.610928,2026-09-06,DEL,HYD,IndiGo,6E 6601,2026-09-06 19:45:00,2026-09-06 22:05:00,8295,INR,Economy,0,SerpApi Google Flights,2026-08-25,00:08:42.610928,2026-09-06,DEL-HYD,12,Sunday,19,22,True,9.023528749909364
2026-08-25 00:08:42.610932,2026-09-06,DEL,HYD,IndiGo,6E 882,2026-09-06 23:15:00,2026-09-07 01:30:00,8295,INR,Economy,0,SerpApi Google Flights,2026-08-25,00:08:42.610932,2026-09-06,DEL-HYD,12,Sunday,23,1,True,9.023528749909364
2026-08-25 00:08:42.617135,2026-09-22,DEL,HYD,IndiGo,6E 6282,2026-09-22 13:30:00,2026-09-22 15:45:00,8295,INR,Economy,0,SerpApi Google Flights,2026-08-25,00:08:42.617135,2026-09-22,DEL-HYD,28,Tuesday,13,15,False,9.023528749909364
2026-08-25 00:08:42.617141,2026-09-22,DEL,HYD,IndiGo,6E 6217,2026-09-22 16:15:00,2026-09-22 18:30:00,8295,INR,Economy,0,SerpApi Google Flights,2026-08-25,00:08:42.617141,2026-09-22,DEL-HYD,28,Tuesday,16,18,False,9.023528749909364
2026-08-25 00:08:42.617143,2026-09-22,DEL,HYD,Akasa Air,QP 1409,2026-09-22 20:40:00,2026-09-22 23:10:00,8374,INR,Economy,0,SerpApi Google Flights,2026-08-25,00:08:42.617143,2026-09-22,DEL-HYD,28,Tuesday,20,23,False,9.033006356693267
2026-08-25 00:08:42.582021,2026-08-25,DEL,HYD,Air India,AI 2899,2026-08-25 12:30:00,2026-08-25 14:45:00,8451,INR,Economy,0,SerpApi Google Flights,2026-08-25,00:08:42.582021,2026-08-25,DEL-HYD,0,Tuesday,12,14,False,9.042158378735948
2026-08-25 00:08:42.588684,2026-08-25,DEL,HYD,Air India,AI 2899,2026-08-25 12:30:00,2026-08-25 14:45:00,8451,INR,Economy,0,SerpApi Google Flights,2026-08-25,00:08:42.588684,2026-08-25,DEL-HYD,0,Tuesday,12,14,False,9.042158378735948
2026-08-25 00:08:42.593673,2026-08-24,DEL,HYD,Air India,AI 2721,2026-08-24 19:30:00,2026-08-24 21:50:00,8451,INR,Economy,0,SerpApi Google Flights,2026-08-25,00:08:42.593673,2026-08-24,DEL-HYD,-1,Monday,19,21,False,9.042158378735948
2026-08-25 00:08:42.601558,2026-08-26,DEL,HYD,Air India,AI 2721,2026-08-26 19:30:00,2026-08-26 21:50:00,8451,INR,Economy,0,SerpApi Google Flights,2026-08-25,00:08:42.601558,2026-08-26,DEL-HYD,1,Wednesday,19,21,False,9.042158378735948
2026-08-25 00:08:42.605413,2026-08-30,DEL,HYD,Air India,AI 2577,2026-08-30 02:00:00,2026-08-30 04:20:00,8451,INR,Economy,0,SerpApi Google Flights,2026-08-25,00:08:42.605413,2026-08-30,DEL-HYD,5,Sunday,2,4,True,9.042158378735948
2026-08-25 00:08:42.610936,2026-09-06,DEL,HYD,Air India,AI 1706,2026-09-06 23:00:00,2026-09-07 01:20:00,8451,INR,Economy,0,SerpApi Google Flights,2026-08-25,00:08:42.610936,2026-09-06,DEL-HYD,12,Sunday,23,1,True,9.042158378735948
2026-08-25 00:08:42.582023,2026-08-25,DEL,HYD,Akasa Air,QP 1406,2026-08-25 14:10:00,2026-08-25 16:45:00,8684,INR,Economy,0,SerpApi Google Flights,2026-08-25,00:08:42.582023,2026-08-25,DEL-HYD,0,Tuesday,14,16,False,9.069352678675205
2026-08-25 00:08:42.588685,2026-08-25,DEL,HYD,Akasa Air,QP 1406,2026-08-25 14:10:00,2026-08-25 16:45:00,8684,INR,Economy,0,SerpApi Google Flights,2026-08-25,00:08:42.588685,2026-08-25,DEL-HYD,0,Tuesday,14,16,False,9.069352678675205
2026-08-25 00:08:42.593676,2026-08-24,DEL,HYD,Akasa Air,QP 1406,2026-08-24 14:10:00,2026-08-24 16:45:00,8684,INR,Economy,0,SerpApi Google Flights,2026-08-25,00:08:42.593676,2026-08-24,DEL-HYD,-1,Monday,14,16,False,9.069352678675205
2026-08-25 00:08:42.601560,2026-08-26,DEL,HYD,Akasa Air,QP 1406,2026-08-26 14:10:00,2026-08-26 16:45:00,8684,INR,Economy,0,SerpApi Google Flights,2026-08-25,00:08:42.601560,2026-08-26,DEL-HYD,1,Wednesday,14,16,False,9.069352678675205
2026-08-25 00:08:42.605417,2026-08-30,DEL,HYD,IndiGo,6E 882,2026-08-30 23:15:00,2026-08-31 01:30:00,9322,INR,Economy,0,SerpApi Google Flights,2026-08-25,00:08:42.605417,2026-08-30,DEL-HYD,5,Sunday,23,1,True,9.140239744296693
2026-08-25 00:08:42.605419,2026-08-30,DEL,HYD,Akasa Air,QP 1409,2026-08-30 20:40:00,2026-08-30 23:10:00,10061,INR,Economy,0,SerpApi Google Flights,2026-08-25,00:08:42.605419,2026-08-30,DEL-HYD,5,Sunday,20,23,True,9.216521231051264
